key,code,creationDate,title,description,startDate,endDate,budget,info
chimpum-01,22/06/01,2022/05/01 01:01,This is a Chimpum example01,This is a Chimpum example01This is a Chimpum example01This is a Chimpum example01,2022/07/01 01:01,2022/08/01 01:01,EUR 301,https://Chimpum01Info.com
chimpum-02,22/06/02,2022/05/02 02:02,This is a Chimpum example02,This is a Chimpum example02This is a Chimpum example02This is a Chimpum example02,2022/07/02 02:02,2022/08/02 02:02,EUR 302,https://Chimpum02Info.com
chimpum-03,22/06/03,2022/05/03 03:03,This is a Chimpum example03,This is a Chimpum example03This is a Chimpum example03This is a Chimpum example03,2022/07/03 03:03,2022/08/03 03:03,EUR 303,https://Chimpum03Info.com
chimpum-04,22/06/04,2022/05/04 04:04,This is a Chimpum example04,This is a Chimpum example04This is a Chimpum example04This is a Chimpum example04,2022/07/04 04:04,2022/08/04 04:04,EUR 304,https://Chimpum04Info.com
chimpum-05,22/06/05,2022/05/05 05:05,This is a Chimpum example05,This is a Chimpum example05This is a Chimpum example05This is a Chimpum example05,2022/07/05 05:05,2022/08/05 05:05,EUR 305,https://Chimpum05Info.com
chimpum-06,22/06/06,2022/05/06 06:06,This is a Chimpum example06,This is a Chimpum example06This is a Chimpum example06This is a Chimpum example06,2022/07/06 06:06,2022/08/06 06:06,EUR 306,https://Chimpum06Info.com
chimpum-07,22/06/07,2022/05/07 07:07,This is a Chimpum example07,This is a Chimpum example07This is a Chimpum example07This is a Chimpum example07,2022/07/07 07:07,2022/08/07 07:07,EUR 307,https://Chimpum07Info.com
chimpum-08,22/06/08,2022/05/08 08:08,This is a Chimpum example08,This is a Chimpum example08This is a Chimpum example08This is a Chimpum example08,2022/07/08 08:08,2022/08/08 08:08,EUR 308,https://Chimpum08Info.com
chimpum-09,22/06/09,2022/05/09 09:09,This is a Chimpum example09,This is a Chimpum example09This is a Chimpum example09This is a Chimpum example09,2022/07/09 09:09,2022/08/09 09:09,EUR 309,https://Chimpum09Info.com
chimpum-10,22/06/10,2022/05/10 10:10,This is a Chimpum example10,This is a Chimpum example10This is a Chimpum example10This is a Chimpum example10,2022/07/10 10:10,2022/08/10 10:10,EUR 310,https://Chimpum10Info.com
chimpum-11,22/06/11,2022/05/11 11:11,This is a Chimpum example11,This is a Chimpum example11This is a Chimpum example11This is a Chimpum example11,2022/07/11 11:11,2022/08/11 11:11,EUR 311,https://Chimpum11Info.com
chimpum-12,22/06/12,2022/05/12 12:12,This is a Chimpum example12,This is a Chimpum example12This is a Chimpum example12This is a Chimpum example12,2022/07/12 12:12,2022/08/12 12:12,EUR 312,https://Chimpum12Info.com
chimpum-13,22/06/13,2022/05/13 13:13,This is a Chimpum example13,This is a Chimpum example13This is a Chimpum example13This is a Chimpum example13,2022/07/13 13:13,2022/08/13 13:13,EUR 313,https://Chimpum13Info.com
chimpum-14,22/06/14,2022/05/14 14:14,This is a Chimpum example14,This is a Chimpum example14This is a Chimpum example14This is a Chimpum example14,2022/07/14 14:14,2022/08/14 14:14,EUR 314,https://Chimpum14Info.com
chimpum-15,22/06/15,2022/05/15 15:15,This is a Chimpum example15,This is a Chimpum example15This is a Chimpum example15This is a Chimpum example15,2022/07/15 15:15,2022/08/15 15:15,EUR 315,https://Chimpum15Info.com
chimpum-16,22/06/16,2022/05/16 16:16,This is a Chimpum example16,This is a Chimpum example16This is a Chimpum example16This is a Chimpum example16,2022/07/16 16:16,2022/08/16 16:16,EUR 316,https://Chimpum16Info.com
chimpum-17,22/06/17,2022/05/17 17:17,This is a Chimpum example17,This is a Chimpum example17This is a Chimpum example17This is a Chimpum example17,2022/07/17 17:17,2022/08/17 17:17,EUR 317,https://Chimpum17Info.com
chimpum-18,22/06/18,2022/05/18 18:18,This is a Chimpum example18,This is a Chimpum example18This is a Chimpum example18This is a Chimpum example18,2022/07/18 18:18,2022/08/18 18:18,EUR 318,https://Chimpum18Info.com
chimpum-19,22/06/19,2022/05/19 19:19,This is a Chimpum example19,This is a Chimpum example19This is a Chimpum example19This is a Chimpum example19,2022/07/19 19:19,2022/08/19 19:19,EUR 319,https://Chimpum19Info.com
