key,number,key:item,key:toolkit
quantity-01,1,item-01,toolkit-01
quantity-02,1000,item-02,toolkit-02
quantity-03,999,item-03,toolkit-03
quantity-04,25,item-04,toolkit-04
quantity-05,2,item-05,toolkit-05
quantity-06,12,item-06,toolkit-06
quantity-07,5,item-07,toolkit-07
quantity-08,4,item-08,toolkit-08
quantity-09,3,item-09,toolkit-09
quantity-10,11,item-10,toolkit-10
quantity-11,25,item-11,toolkit-11
quantity-12,10,item-12,toolkit-12
quantity-13,2,item-13,toolkit-13
quantity-14,1,item-14,toolkit-14
quantity-15,8,item-15,toolkit-15
quantity-16,75,item-16,toolkit-16
quantity-17,36,item-17,toolkit-17
quantity-18,24,item-18,toolkit-18
quantity-19,999,item-19,toolkit-19
quantity-20,12,item-20,toolkit-20
quantity-21,13,item-21,toolkit-21
quantity-22,14,item-22,toolkit-22
quantity-23,23,item-23,toolkit-23
quantity-24,20,item-24,toolkit-24
quantity-25,25,item-25,toolkit-25
quantity-26,45,item-26,toolkit-26
quantity-27,86,item-27,toolkit-27
quantity-28,78,item-28,toolkit-28
quantity-29,48,item-29,toolkit-29
quantity-30,56,item-30,toolkit-30
quantity-31,11,item-31,toolkit-31
quantity-32,5,item-32,toolkit-32
quantity-33,4,item-33,toolkit-33
quantity-34,7,item-34,toolkit-34
quantity-35,8,item-35,toolkit-35
quantity-36,4,item-36,toolkit-36
quantity-37,11,item-38,toolkit-38
quantity-38,5,item-39,toolkit-39
quantity-39,3,item-40,toolkit-40
quantity-40,4,item-41,toolkit-05
quantity-41,5,item-42,toolkit-06
quantity-42,6,item-43,toolkit-07
quantity-43,8,item-44,toolkit-08
quantity-44,9,item-45,toolkit-09
quantity-45,12,item-46,toolkit-10
quantity-46,3,item-47,toolkit-11
quantity-47,4,item-48,toolkit-12
quantity-48,5,item-49,toolkit-13
quantity-49,6,item-50,toolkit-14
quantity-50,7,item-51,toolkit-15
quantity-51,89,item-52,toolkit-16
quantity-52,1,item-53,toolkit-17
quantity-53,34,item-54,toolkit-18
quantity-54,5,item-55,toolkit-19
quantity-55,7,item-56,toolkit-20
quantity-56,9,item-57,toolkit-21
quantity-57,11,item-58,toolkit-22
quantity-58,5,item-59,toolkit-23
quantity-59,60,item-60,toolkit-24
quantity-60,6,item-61,toolkit-25
quantity-61,12,item-62,toolkit-26
quantity-62,30,item-63,toolkit-27
quantity-63,12,item-64,toolkit-28
quantity-64,4,item-65,toolkit-29
quantity-65,23,item-66,toolkit-30
quantity-66,45,item-67,toolkit-31
quantity-67,12,item-68,toolkit-32
quantity-68,12,item-69,toolkit-33
quantity-69,12,item-70,toolkit-34
quantity-70,4,item-71,toolkit-25
quantity-71,3,item-72,toolkit-26
quantity-72,30,item-73,toolkit-27
quantity-73,4,item-74,toolkit-28
quantity-74,7,item-75,toolkit-29
quantity-75,6,item-76,toolkit-30
quantity-76,32,item-77,toolkit-06
quantity-77,14,item-78,toolkit-07
quantity-78,15,item-79,toolkit-08
quantity-79,15,item-81,toolkit-10
quantity-80,18,item-82,toolkit-11
quantity-81,21,item-83,toolkit-12
quantity-82,24,item-84,toolkit-13
quantity-83,30,item-85,toolkit-26
quantity-84,12,item-86,toolkit-27